index,id,type,name,source,CNT,ndrugs,rnk
14014,DB00180,drug,Flunisolide,DrugBank,60631,1,349
14015,DB00240,drug,Alclometasone,DrugBank,95154,1,298
14017,DB00324,drug,Fluorometholone,DrugBank,253612,1,199
14019,DB00443,drug,Betamethasone,DrugBank,812016,1,91
14022,DB00596,drug,Ulobetasol,DrugBank,129894,1,266
14023,DB00620,drug,Triamcinolone,DrugBank,3570002,1,14
14024,DB00635,drug,Prednisone,DrugBank,5246503,1,5
14027,DB00687,drug,Fludrocortisone,DrugBank,64122,1,340
14028,DB00741,drug,Hydrocortisone,DrugBank,2305825,1,38
14029,DB00846,drug,Flurandrenolide,DrugBank,46250,1,377
14030,DB00860,drug,Prednisolone,DrugBank,1855652,1,43
14031,DB00896,drug,Rimexolone,DrugBank,4016,1,595
14033,DB01047,drug,Fluocinonide,DrugBank,794692,1,96
14034,DB01222,drug,Budesonide,DrugBank,700308,1,105
14036,DB01410,drug,Ciclesonide,DrugBank,81214,1,316
14040,DB13867,drug,Fluticasone,DrugBank,5094674,1,6
14059,DB00279,drug,Liothyronine,DrugBank,157856,1,241
14060,DB00451,drug,Levothyroxine,DrugBank,4313617,1,9
14061,DB00586,drug,Diclofenac,DrugBank,2280067,1,39
14062,DB00861,drug,Diflunisal,DrugBank,35537,1,399
14063,DB01093,drug,Dimethyl sulfoxide,DrugBank,629,1,733
14127,DB00104,drug,Octreotide,DrugBank,3670,1,600
14128,DB00126,drug,Ascorbic acid,DrugBank,562593,1,121
14132,DB00165,drug,Pyridoxine,DrugBank,27268,1,429
14133,DB00214,drug,Torasemide,DrugBank,168109,1,233
14134,DB00220,drug,Nelfinavir,DrugBank,1668,1,663
14135,DB00227,drug,Lovastatin,DrugBank,725425,1,102
14137,DB00237,drug,Butabarbital,DrugBank,5948,1,560
14138,DB00238,drug,Nevirapine,DrugBank,4674,1,580
14139,DB00245,drug,Benzatropine,DrugBank,72103,1,330
14140,DB00246,drug,Ziprasidone,DrugBank,77807,1,324
14141,DB00252,drug,Phenytoin,DrugBank,134944,1,260
14142,DB00264,drug,Metoprolol,DrugBank,3593321,1,13
14144,DB00273,drug,Topiramate,DrugBank,716260,1,103
14148,DB00289,drug,Atomoxetine,DrugBank,262439,1,193
14150,DB00295,drug,Morphine,DrugBank,379822,1,161
14152,DB00310,drug,Chlorthalidone,DrugBank,255091,1,198
14154,DB00316,drug,Acetaminophen,DrugBank,194619,1,222
14155,DB00317,drug,Gefitinib,DrugBank,1237,1,677
14156,DB00321,drug,Amitriptyline,DrugBank,890598,1,84
14157,DB00327,drug,Hydromorphone,DrugBank,283072,1,189
14158,DB00328,drug,Indomethacin,DrugBank,560380,1,123
14159,DB00332,drug,Ipratropium,DrugBank,432407,1,151
14160,DB00333,drug,Methadone,DrugBank,95564,1,297
14161,DB00334,drug,Olanzapine,DrugBank,217840,1,207
14162,DB00335,drug,Atenolol,DrugBank,1336920,1,61
14163,DB00343,drug,Diltiazem,DrugBank,763635,1,97
14164,DB00404,drug,Alprazolam,DrugBank,2967620,1,25
14165,DB00412,drug,Rosiglitazone,DrugBank,149314,1,245
14167,DB00415,drug,Ampicillin,DrugBank,213072,1,209
14168,DB00421,drug,Spironolactone,DrugBank,889365,1,85
14170,DB00432,drug,Trifluridine,DrugBank,29872,1,422
14171,DB00454,drug,Meperidine,DrugBank,67907,1,334
14173,DB00458,drug,Imipramine,DrugBank,81830,1,313
14174,DB00459,drug,Acitretin,DrugBank,14324,1,492
14175,DB00461,drug,Nabumetone,DrugBank,473509,1,144
14176,DB00472,drug,Fluoxetine,DrugBank,1703051,1,47
14177,DB00476,drug,Duloxetine,DrugBank,1167850,1,71
14178,DB00477,drug,Chlorpromazine,DrugBank,30897,1,418
14179,DB00481,drug,Raloxifene,DrugBank,164821,1,235
14180,DB00490,drug,Buspirone,DrugBank,691859,1,107
14181,DB00495,drug,Zidovudine,DrugBank,1589,1,665
14182,DB00497,drug,Oxycodone,DrugBank,1285305,1,65
14183,DB00500,drug,Tolmetin,DrugBank,4451,1,584
14184,DB00503,drug,Ritonavir,DrugBank,17857,1,478
14185,DB00512,drug,Vancomycin,DrugBank,115093,1,274
14187,DB00530,drug,Erlotinib,DrugBank,11354,1,513
14188,DB00537,drug,Ciprofloxacin,DrugBank,5945949,1,3
14189,DB00540,drug,Nortriptyline,DrugBank,319093,1,179
14190,DB00544,drug,Fluorouracil,DrugBank,419449,1,153
14191,DB00554,drug,Piroxicam,DrugBank,176141,1,230
14192,DB00555,drug,Lamotrigine,DrugBank,517542,1,134
14193,DB00557,drug,Hydroxyzine,DrugBank,1318309,1,63
14194,DB00563,drug,Methotrexate,DrugBank,323387,1,178
14195,DB00567,drug,Cephalexin,DrugBank,6183702,1,2
14196,DB00571,drug,Propranolol,DrugBank,633525,1,114
14197,DB00573,drug,Fenoprofen,DrugBank,12683,1,506
14198,DB00575,drug,Clonidine,DrugBank,659167,1,109
14202,DB00598,drug,Labetalol,DrugBank,190753,1,223
14204,DB00605,drug,Sulindac,DrugBank,108243,1,282
14205,DB00607,drug,Nafcillin,DrugBank,1330,1,674
14206,DB00608,drug,Chloroquine,DrugBank,43277,1,386
14207,DB00619,drug,Imatinib,DrugBank,10502,1,519
14208,DB00624,drug,Testosterone,DrugBank,541177,1,127
14209,DB00625,drug,Efavirenz,DrugBank,7214,1,550
14210,DB00649,drug,Stavudine,DrugBank,1920,1,656
14212,DB00661,drug,Verapamil,DrugBank,377912,1,162
14213,DB00675,drug,Tamoxifen,DrugBank,139733,1,252
14215,DB00678,drug,Losartan,DrugBank,2074795,1,41
14216,DB00682,drug,Warfarin,DrugBank,1053218,1,76
14217,DB00695,drug,Furosemide,DrugBank,2311860,1,37
14218,DB00709,drug,Lamivudine,DrugBank,8143,1,545
14219,DB00712,drug,Flurbiprofen,DrugBank,31594,1,416
14220,DB00714,drug,Apomorphine,DrugBank,669,1,728
14221,DB00717,drug,Norethisterone,DrugBank,122303,1,268
14222,DB00731,drug,Nateglinide,DrugBank,34668,1,404
14223,DB00734,drug,Risperidone,DrugBank,335931,1,174
14226,DB00744,drug,Zileuton,DrugBank,3515,1,606
14227,DB00749,drug,Etodolac,DrugBank,438854,1,148
14229,DB00755,drug,Tretinoin,DrugBank,592250,1,117
14230,DB00759,drug,Tetracycline,DrugBank,212947,1,210
14232,DB00768,drug,Olopatadine,DrugBank,795875,1,95
14234,DB00776,drug,Oxcarbazepine,DrugBank,162249,1,237
14235,DB00783,drug,Estradiol,DrugBank,1398705,1,57
14237,DB00787,drug,Acyclovir,DrugBank,1246406,1,67
14238,DB00788,drug,Naproxen,DrugBank,2929835,1,26
14240,DB00808,drug,Indapamide,DrugBank,57213,1,355
14241,DB00813,drug,Fentanyl,DrugBank,261000,1,194
14242,DB00814,drug,Meloxicam,DrugBank,2814708,1,28
14245,DB00829,drug,Diazepam,DrugBank,1418854,1,55
14246,DB00842,drug,Oxazepam,DrugBank,18284,1,474
14250,DB00857,drug,Terbinafine,DrugBank,749334,1,100
14251,DB00864,drug,Tacrolimus,DrugBank,209935,1,212
14253,DB00878,drug,Chlorhexidine,DrugBank,1024667,1,80
14254,DB00879,drug,Emtricitabine,DrugBank,81516,1,315
14255,DB00881,drug,Quinapril,DrugBank,180991,1,227
14256,DB00900,drug,Didanosine,DrugBank,2789,1,629
14258,DB00908,drug,Quinidine,DrugBank,3227,1,617
14259,DB00912,drug,Repaglinide,DrugBank,43010,1,387
14260,DB00924,drug,Cyclobenzaprine,DrugBank,2897178,1,27
14263,DB00938,drug,Salmeterol,DrugBank,48800,1,374
14266,DB00950,drug,Fexofenadine,DrugBank,1304302,1,64
14267,DB00951,drug,Isoniazid,DrugBank,44634,1,383
14269,DB00959,drug,Methylprednisolone,DrugBank,160533,1,239
14272,DB00983,drug,Formoterol,DrugBank,120301,1,270
14273,DB00993,drug,Azathioprine,DrugBank,92615,1,305
14276,DB00999,drug,Hydrochlorothiazide,DrugBank,2673725,1,31
14277,DB01006,drug,Letrozole,DrugBank,154349,1,244
14278,DB01009,drug,Ketoprofen,DrugBank,45948,1,379
14280,DB01016,drug,Glyburide,DrugBank,287473,1,188
14281,DB01026,drug,Ketoconazole,DrugBank,1394230,1,58
14282,DB01029,drug,Irbesartan,DrugBank,237001,1,201
14283,DB01032,drug,Probenecid,DrugBank,16629,1,483
14284,DB01039,drug,Fenofibrate,DrugBank,853294,1,88
14285,DB01044,drug,Gatifloxacin,DrugBank,394817,1,158
14286,DB01045,drug,Rifampicin,DrugBank,44976,1,381
14287,DB01050,drug,Ibuprofen,DrugBank,3419871,1,18
14288,DB01053,drug,Benzylpenicillin,DrugBank,2625,1,636
14290,DB01057,drug,Echothiophate,DrugBank,705,1,724
14291,DB01060,drug,Amoxicillin,DrugBank,17152450,1,1
14292,DB01062,drug,Oxybutynin,DrugBank,697034,1,106
14293,DB01067,drug,Glipizide,DrugBank,837149,1,89
14294,DB01068,drug,Clonazepam,DrugBank,1352970,1,60
14295,DB01069,drug,Promethazine,DrugBank,1583394,1,50
14296,DB01072,drug,Atazanavir,DrugBank,6483,1,556
14297,DB01076,drug,Atorvastatin,DrugBank,4844733,1,7
14298,DB01098,drug,Rosuvastatin,DrugBank,1617962,1,49
14299,DB01104,drug,Sertraline,DrugBank,2697985,1,30
14300,DB01110,drug,Miconazole,DrugBank,22457,1,458
14301,DB01115,drug,Nifedipine,DrugBank,448983,1,146
14302,DB01118,drug,Amiodarone,DrugBank,256455,1,196
14305,DB01126,drug,Dutasteride,DrugBank,135928,1,258
14306,DB01132,drug,Pioglitazone,DrugBank,489144,1,139
14308,DB01136,drug,Carvedilol,DrugBank,1078614,1,75
14310,DB01142,drug,Doxepin,DrugBank,197098,1,220
14314,DB01183,drug,Naloxone,DrugBank,46244,1,378
14316,DB01195,drug,Flecainide,DrugBank,98058,1,296
14317,DB01197,drug,Captopril,DrugBank,57261,1,354
14318,DB01212,drug,Ceftriaxone,DrugBank,62442,1,343
14319,DB01232,drug,Saquinavir,DrugBank,879,1,706
14320,DB01234,drug,Dexamethasone,DrugBank,575142,1,120
14323,DB01238,drug,Aripiprazole,DrugBank,383257,1,160
14324,DB01241,drug,Gemfibrozil,DrugBank,311501,1,181
14325,DB01242,drug,Clomipramine,DrugBank,20050,1,469
14326,DB01264,drug,Darunavir,DrugBank,5757,1,562
14327,DB01275,drug,Hydralazine,DrugBank,363070,1,168
14328,DB01276,drug,Exenatide,DrugBank,160618,1,238
14332,DB01327,drug,Cefazolin,DrugBank,9750,1,526
14338,DB01394,drug,Colchicine,DrugBank,370397,1,167
14347,DB01611,drug,Hydroxychloroquine,DrugBank,324750,1,177
14351,DB01623,drug,Thiothixene,DrugBank,5017,1,572
14368,DB04855,drug,Dronedarone,DrugBank,39661,1,391
14369,DB04861,drug,Nebivolol,DrugBank,271012,1,191
14371,DB04951,drug,Pirfenidone,DrugBank,3092,1,618
14375,DB05521,drug,Telaprevir,DrugBank,1728,1,661
14376,DB05812,drug,Abiraterone,DrugBank,9364,1,530
14378,DB06201,drug,Rufinamide,DrugBank,1461,1,668
14379,DB06209,drug,Prasugrel,DrugBank,59765,1,350
14380,DB06216,drug,Asenapine,DrugBank,12207,1,507
14384,DB06480,drug,Prucalopride,DrugBank,2904,1,624
14385,DB06655,drug,Liraglutide,DrugBank,212311,1,211
14387,DB06710,drug,Methyltestosterone,DrugBank,108321,1,281
14399,DB08816,drug,Ticagrelor,DrugBank,80372,1,319
14400,DB08820,drug,Ivacaftor,DrugBank,1107,1,684
14401,DB08828,drug,Vismodegib,DrugBank,1274,1,676
14402,DB08860,drug,Pitavastatin,DrugBank,51527,1,370
14403,DB08864,drug,Rilpivirine,DrugBank,720,1,722
14404,DB08867,drug,Ulipristal,DrugBank,8986,1,532
14405,DB08881,drug,Vemurafenib,DrugBank,635,1,732
14406,DB08893,drug,Mirabegron,DrugBank,170546,1,232
14407,DB08895,drug,Tofacitinib,DrugBank,15268,1,487
14409,DB08931,drug,Riociguat,DrugBank,1345,1,673
14410,DB08932,drug,Macitentan,DrugBank,2380,1,643
14434,DB09526,drug,Hydroquinone,DrugBank,3601,1,603
14437,DB11130,drug,Opium,DrugBank,7092,1,551
14506,DB00627,drug,Niacin,DrugBank,271023,1,190
14510,DB01109,drug,Heparin,DrugBank,26916,1,430
14511,DB01219,drug,Dantrolene,DrugBank,3628,1,601
14527,DB01185,drug,Fluoxymesterone,DrugBank,892,1,704
14528,DB01406,drug,Danazol,DrugBank,4343,1,587
14537,DB00243,drug,Ranolazine,DrugBank,81831,1,312
14538,DB00280,drug,Disopyramide,DrugBank,4073,1,593
14539,DB00457,drug,Prazosin,DrugBank,67317,1,337
14540,DB00543,drug,Amoxapine,DrugBank,1117,1,682
14541,DB00706,drug,Tamsulosin,DrugBank,1454714,1,54
14542,DB00934,drug,Maprotiline,DrugBank,1026,1,689
14543,DB01151,drug,Desipramine,DrugBank,26724,1,432
14544,DB01156,drug,Bupropion,DrugBank,2232106,1,40
14545,DB01190,drug,Clindamycin,DrugBank,3698880,1,12
14546,DB01233,drug,Metoclopramide,DrugBank,662802,1,108
14551,DB08907,drug,Canagliflozin,DrugBank,137508,1,255
14559,DB00136,drug,Calcitriol,DrugBank,132114,1,264
14579,DB00507,drug,Nitazoxanide,DrugBank,25254,1,439
14582,DB01203,drug,Nadolol,DrugBank,81601,1,314
14583,DB01591,drug,Solifenacin,DrugBank,235228,1,202
14595,DB00035,drug,Desmopressin,DrugBank,100385,1,293
14596,DB00216,drug,Eletriptan,DrugBank,142493,1,251
14597,DB00250,drug,Dapsone,DrugBank,164723,1,236
14598,DB00470,drug,Dronabinol,DrugBank,29646,1,423
14599,DB00471,drug,Montelukast,DrugBank,2390310,1,35
14600,DB00533,drug,Rofecoxib,DrugBank,195986,1,221
14601,DB00549,drug,Zafirlukast,DrugBank,24983,1,444
14602,DB00582,drug,Voriconazole,DrugBank,12078,1,508
14603,DB00672,drug,Chlorpropamide,DrugBank,1021,1,691
14604,DB00773,drug,Etoposide,DrugBank,2098,1,651
14606,DB01041,drug,Thalidomide,DrugBank,5061,1,571
14607,DB01075,drug,Diphenhydramine,DrugBank,24997,1,443
14628,DB00352,drug,Tioguanine,DrugBank,1356,1,672
14635,DB00727,drug,Nitroglycerin,DrugBank,809083,1,92
14640,DB00550,drug,Propylthiouracil,DrugBank,24546,1,448
14643,DB06774,drug,Capsaicin,DrugBank,762,1,714
14653,DB00122,drug,Choline,DrugBank,5094,1,569
14662,DB00811,drug,Ribavirin,DrugBank,24731,1,446
14664,DB00360,drug,Sapropterin,DrugBank,618,1,734
14668,DB00887,drug,Bumetanide,DrugBank,147939,1,246
14669,DB00963,drug,Bromfenac,DrugBank,108772,1,280
14677,DB08819,drug,Tafluprost,DrugBank,7336,1,548
14678,DB00158,drug,Folic acid,DrugBank,418569,1,154
14685,DB00396,drug,Progesterone,DrugBank,519708,1,132
14686,DB00882,drug,Clomifene,DrugBank,80657,1,317
14691,DB00594,drug,Amiloride,DrugBank,13076,1,502
14701,DB00358,drug,Mefloquine,DrugBank,106107,1,286
14702,DB00863,drug,Ranitidine,DrugBank,1046760,1,78
14706,DB00115,drug,Cyanocobalamin,DrugBank,106186,1,285
14709,DB00996,drug,Gabapentin,DrugBank,2968138,1,24
14710,DB06410,drug,Doxercalciferol,DrugBank,5540,1,563
14714,DB08934,drug,Sofosbuvir,DrugBank,38129,1,393
14720,DB00578,drug,Carbenicillin,DrugBank,568,1,739
14721,DB01083,drug,Orlistat,DrugBank,5365,1,568
14729,DB00501,drug,Cimetidine,DrugBank,103704,1,288
14740,DB00291,drug,Chlorambucil,DrugBank,2811,1,628
14758,DB01101,drug,Capecitabine,DrugBank,49793,1,373
14764,DB01033,drug,Mercaptopurine,DrugBank,31602,1,415
14766,DB09341,drug,"Dextrose, unspecified form",DrugBank,23921,1,450
14768,DB06779,drug,Dalteparin,DrugBank,8620,1,538
14771,DB00208,drug,Ticlopidine,DrugBank,4963,1,573
14773,DB00833,drug,Cefaclor,DrugBank,98897,1,295
14775,DB02300,drug,Calcipotriol,DrugBank,92208,1,307
14783,DB00201,drug,Caffeine,DrugBank,1209,1,679
14784,DB00277,drug,Theophylline,DrugBank,64067,1,341
14785,DB00338,drug,Omeprazole,DrugBank,3957014,1,11
14786,DB00448,drug,Lansoprazole,DrugBank,623984,1,115
14787,DB00499,drug,Flutamide,DrugBank,3481,1,607
14790,DB01087,drug,Primaquine,DrugBank,974,1,696
14794,DB01254,drug,Dasatinib,DrugBank,3563,1,604
14806,DB00494,drug,Entacapone,DrugBank,11455,1,512
14807,DB00668,drug,Epinephrine,DrugBank,714235,1,104
14809,DB00968,drug,Methyldopa,DrugBank,44823,1,382
14817,DB00990,drug,Exemestane,DrugBank,35580,1,398
14819,DB01127,drug,Econazole,DrugBank,307683,1,183
14830,DB00915,drug,Amantadine,DrugBank,94753,1,299
14835,DB00542,drug,Benazepril,DrugBank,342329,1,173
14836,DB00178,drug,Ramipril,DrugBank,355021,1,170
14843,DB00585,drug,Nizatidine,DrugBank,35462,1,400
14846,DB00790,drug,Perindopril,DrugBank,11280,1,514
14847,DB00868,drug,Benzonatate,DrugBank,1523616,1,51
14848,DB00871,drug,Terbutaline,DrugBank,27614,1,428
14851,DB00979,drug,Cyclopentolate,DrugBank,31635,1,414
14852,DB01035,drug,Procainamide,DrugBank,600,1,738
14873,DB08897,drug,Aclidinium,DrugBank,12042,1,509
14880,DB00184,drug,Nicotine,DrugBank,71714,1,331
14881,DB00388,drug,Phenylephrine,DrugBank,45095,1,380
14882,DB00601,drug,Linezolid,DrugBank,43431,1,385
14884,DB00780,drug,Phenelzine,DrugBank,2459,1,641
14897,DB00315,drug,Zolmitriptan,DrugBank,101207,1,291
14899,DB00669,drug,Sumatriptan,DrugBank,803792,1,93
14900,DB00918,drug,Almotriptan,DrugBank,30542,1,421
14901,DB00952,drug,Naratriptan,DrugBank,39206,1,392
14902,DB00953,drug,Rizatriptan,DrugBank,310293,1,182
14910,DB00339,drug,Pyrazinamide,DrugBank,926,1,702
14911,DB00437,drug,Allopurinol,DrugBank,815921,1,90
14913,DB00831,drug,Trifluoperazine,DrugBank,4752,1,576
14914,DB01168,drug,Procarbazine,DrugBank,785,1,711
14924,DB01119,drug,Diazoxide,DrugBank,611,1,737
14926,DB00910,drug,Paricalcitol,DrugBank,13779,1,496
14935,DB00196,drug,Fluconazole,DrugBank,3199799,1,20
14936,DB00199,drug,Erythromycin,DrugBank,1490256,1,53
14937,DB00203,drug,Sildenafil,DrugBank,797887,1,94
14938,DB00206,drug,Reserpine,DrugBank,966,1,698
14939,DB00224,drug,Indinavir,DrugBank,768,1,713
14940,DB00281,drug,Lidocaine,DrugBank,1050196,1,77
14941,DB00288,drug,Amcinonide,DrugBank,7930,1,546
14943,DB00367,drug,Levonorgestrel,DrugBank,40445,1,390
14944,DB00381,drug,Amlodipine,DrugBank,3456158,1,16
14945,DB00398,drug,Sorafenib,DrugBank,5418,1,566
14946,DB00401,drug,Nisoldipine,DrugBank,28653,1,424
14950,DB00455,drug,Loratadine,DrugBank,32196,1,410
14952,DB00502,drug,Haloperidol,DrugBank,75060,1,325
14954,DB00531,drug,Cyclophosphamide,DrugBank,8944,1,533
14956,DB00564,drug,Carbamazepine,DrugBank,166772,1,234
14959,DB00622,drug,Nicardipine,DrugBank,2600,1,637
14961,DB00641,drug,Simvastatin,DrugBank,2985564,1,23
14962,DB00656,drug,Trazodone,DrugBank,1744142,1,46
14963,DB00683,drug,Midazolam,DrugBank,3998,1,596
14965,DB00700,drug,Eplerenone,DrugBank,20606,1,464
14968,DB00745,drug,Modafinil,DrugBank,119071,1,271
14969,DB00758,drug,Clopidogrel,DrugBank,1171801,1,69
14971,DB00820,drug,Tadalafil,DrugBank,487286,1,140
14972,DB00822,drug,Disulfiram,DrugBank,26312,1,435
14974,DB00862,drug,Vardenafil,DrugBank,158469,1,240
14975,DB00877,drug,Sirolimus,DrugBank,9448,1,529
14976,DB00897,drug,Triazolam,DrugBank,136339,1,257
14977,DB00904,drug,Ondansetron,DrugBank,2647156,1,32
14978,DB00905,drug,Bimatoprost,DrugBank,219090,1,206
14979,DB00909,drug,Zonisamide,DrugBank,67222,1,338
14980,DB00916,drug,Metronidazole,DrugBank,2785842,1,29
14981,DB00921,drug,Buprenorphine,DrugBank,75053,1,326
14982,DB00962,drug,Zaleplon,DrugBank,131515,1,265
14983,DB00972,drug,Azelastine,DrugBank,761982,1,98
14984,DB01023,drug,Felodipine,DrugBank,104478,1,287
14986,DB01058,drug,Praziquantel,DrugBank,3365,1,614
14987,DB01095,drug,Fluvastatin,DrugBank,55354,1,361
14988,DB01100,drug,Pimozide,DrugBank,3038,1,619
14990,DB01114,drug,Chlorpheniramine,DrugBank,102822,1,290
14991,DB01166,drug,Cilostazol,DrugBank,92807,1,304
14992,DB01167,drug,Itraconazole,DrugBank,63690,1,342
14993,DB01174,drug,Phenobarbital,DrugBank,34276,1,405
14995,DB01211,drug,Clarithromycin,DrugBank,1078992,1,74
14996,DB01216,drug,Finasteride,DrugBank,482088,1,143
14997,DB01217,drug,Anastrozole,DrugBank,220468,1,205
14999,DB01224,drug,Quetiapine,DrugBank,651605,1,110
15000,DB01259,drug,Lapatinib,DrugBank,1714,1,662
15001,DB01267,drug,Paliperidone,DrugBank,25145,1,441
15002,DB01268,drug,Sunitinib,DrugBank,4588,1,582
15006,DB04946,drug,Iloperidone,DrugBank,2443,1,642
15010,DB06228,drug,Rivaroxaban,DrugBank,374583,1,164
15013,DB06335,drug,Saxagliptin,DrugBank,94337,1,301
15014,DB06403,drug,Ambrisentan,DrugBank,3418,1,610
15019,DB06605,drug,Apixaban,DrugBank,518886,1,133
15020,DB06626,drug,Axitinib,DrugBank,1533,1,667
15027,DB08865,drug,Crizotinib,DrugBank,793,1,710
15028,DB08873,drug,Boceprevir,DrugBank,652,1,730
15029,DB08883,drug,Perampanel,DrugBank,1981,1,654
15047,DB11750,drug,Clobetasol,DrugBank,1376697,1,59
15073,DB00176,drug,Fluvoxamine,DrugBank,53819,1,366
15074,DB00182,drug,Amphetamine,DrugBank,1334385,1,62
15075,DB00185,drug,Cevimeline,DrugBank,16379,1,484
15078,DB00193,drug,Tramadol,DrugBank,3442684,1,17
15079,DB00195,drug,Betaxolol,DrugBank,14902,1,491
15080,DB00209,drug,Trospium,DrugBank,34700,1,403
15081,DB00211,drug,Midodrine,DrugBank,70816,1,332
15082,DB00215,drug,Citalopram,DrugBank,1754269,1,45
15084,DB00257,drug,Clotrimazole,DrugBank,264612,1,192
15085,DB00259,drug,Sulfanilamide,DrugBank,3399,1,613
15086,DB00283,drug,Clemastine,DrugBank,5428,1,565
15087,DB00285,drug,Venlafaxine,DrugBank,1248567,1,66
15089,DB00318,drug,Codeine,DrugBank,15882,1,486
15090,DB00349,drug,Clobazam,DrugBank,5933,1,561
15091,DB00356,drug,Chlorzoxazone,DrugBank,62122,1,345
15093,DB00363,drug,Clozapine,DrugBank,10634,1,518
15094,DB00370,drug,Mirtazapine,DrugBank,623980,1,116
15095,DB00373,drug,Timolol,DrugBank,331450,1,175
15096,DB00377,drug,Palonosetron,DrugBank,1117,1,682
15097,DB00379,drug,Mexiletine,DrugBank,9023,1,531
15099,DB00425,drug,Zolpidem,DrugBank,2407084,1,34
15100,DB00433,drug,Prochlorperazine,DrugBank,373639,1,165
15101,DB00482,drug,Celecoxib,DrugBank,1118992,1,73
15102,DB00489,drug,Sotalol,DrugBank,109670,1,279
15103,DB00496,drug,Darifenacin,DrugBank,61620,1,346
15104,DB00514,drug,Dextromethorphan,DrugBank,520744,1,131
15105,DB00521,drug,Carteolol,DrugBank,3802,1,599
15108,DB00590,drug,Doxazosin,DrugBank,295984,1,187
15110,DB00623,drug,Fluphenazine,DrugBank,10197,1,522
15112,DB00647,drug,Dextropropoxyphene,DrugBank,23332,1,455
15113,DB00674,drug,Galantamine,DrugBank,24790,1,445
15114,DB00679,drug,Thioridazine,DrugBank,4292,1,588
15116,DB00715,drug,Paroxetine,DrugBank,981845,1,81
15117,DB00726,drug,Trimipramine,DrugBank,756,1,716
15118,DB00751,drug,Epinastine,DrugBank,51177,1,371
15119,DB00752,drug,Tranylcypromine,DrugBank,2154,1,650
15120,DB00757,drug,Dolasetron,DrugBank,2248,1,648
15121,DB00763,drug,Methimazole,DrugBank,127129,1,267
15125,DB00836,drug,Loperamide,DrugBank,80590,1,318
15126,DB00843,drug,Donepezil,DrugBank,515473,1,135
15127,DB00850,drug,Perphenazine,DrugBank,13298,1,500
15132,DB00956,drug,Hydrocodone,DrugBank,52742,1,367
15133,DB00960,drug,Pindolol,DrugBank,9515,1,528
15134,DB01005,drug,Hydroxyurea,DrugBank,32777,1,409
15135,DB01012,drug,Cinacalcet,DrugBank,26181,1,437
15137,DB01036,drug,Tolterodine,DrugBank,208854,1,213
15141,DB01079,drug,Tegaserod,DrugBank,78184,1,323
15143,DB01128,drug,Bicalutamide,DrugBank,57303,1,353
15144,DB01129,drug,Rabeprazole,DrugBank,485779,1,141
15146,DB01149,drug,Nefazodone,DrugBank,23403,1,454
15147,DB01173,drug,Orphenadrine,DrugBank,80307,1,320
15150,DB01182,drug,Propafenone,DrugBank,47514,1,375
15152,DB01192,drug,Oxymorphone,DrugBank,47254,1,376
15153,DB01193,drug,Acebutolol,DrugBank,14947,1,490
15154,DB01206,drug,Lomustine,DrugBank,1070,1,686
15155,DB01210,drug,Levobunolol,DrugBank,15227,1,488
15156,DB01214,drug,Metipranolol,DrugBank,1008,1,694
15159,DB01255,drug,Lisdexamfetamine,DrugBank,555587,1,125
15166,DB01409,drug,Tiotropium,DrugBank,435669,1,150
15171,DB01551,drug,Dihydrocodeine,DrugBank,1025,1,690
15174,DB01577,drug,Metamfetamine,DrugBank,1033,1,688
15176,DB01590,drug,Everolimus,DrugBank,6294,1,557
15185,DB04844,drug,Tetrabenazine,DrugBank,1452,1,669
15187,DB04868,drug,Nilotinib,DrugBank,2360,1,644
15188,DB04871,drug,Lorcaserin,DrugBank,5077,1,570
15191,DB04938,drug,Ospemifene,DrugBank,13645,1,497
15193,DB05271,drug,Rotigotine,DrugBank,10269,1,521
15198,DB06203,drug,Alogliptin,DrugBank,8380,1,541
15199,DB06204,drug,Tapentadol,DrugBank,69884,1,333
15201,DB06292,drug,Dapagliflozin,DrugBank,43631,1,384
15205,DB06589,drug,Pazopanib,DrugBank,3400,1,612
15209,DB06684,drug,Vilazodone,DrugBank,74189,1,329
15210,DB06691,drug,Mepyramine,DrugBank,2524,1,639
15211,DB06700,drug,Desvenlafaxine,DrugBank,187401,1,225
15212,DB06702,drug,Fesoterodine,DrugBank,51747,1,369
15219,DB06820,drug,Sulconazole,DrugBank,9829,1,525
15229,DB09076,drug,Umeclidinium,DrugBank,121716,1,269
15272,DB00665,drug,Nilutamide,DrugBank,747,1,717
15273,DB00698,drug,Nitrofurantoin,DrugBank,3102909,1,21
15289,DB00218,drug,Moxifloxacin,DrugBank,1510321,1,52
15290,DB00261,drug,Anagrelide,DrugBank,5488,1,564
15291,DB00268,drug,Ropinirole,DrugBank,298882,1,186
15295,DB00384,drug,Triamterene,DrugBank,4198,1,590
15296,DB00400,drug,Griseofulvin,DrugBank,117393,1,273
15299,DB00440,drug,Trimethoprim,DrugBank,54158,1,365
15302,DB00518,drug,Albendazole,DrugBank,21907,1,459
15303,DB00553,drug,Methoxsalen,DrugBank,2502,1,640
15306,DB00697,drug,Tizanidine,DrugBank,902493,1,82
15307,DB00730,drug,Thiabendazole,DrugBank,743,1,718
15308,DB00740,drug,Riluzole,DrugBank,4896,1,574
15309,DB00772,drug,Malathion,DrugBank,36557,1,395
15311,DB00794,drug,Primidone,DrugBank,94015,1,303
15312,DB00806,drug,Pentoxifylline,DrugBank,56135,1,360
15316,DB00927,drug,Famotidine,DrugBank,496800,1,138
15317,DB00969,drug,Alosetron,DrugBank,4035,1,594
15319,DB00980,drug,Ramelteon,DrugBank,74212,1,328
15320,DB00998,drug,Frovatriptan,DrugBank,36495,1,396
15322,DB01059,drug,Norfloxacin,DrugBank,3992,1,597
15324,DB01097,drug,Leflunomide,DrugBank,66777,1,339
15325,DB01155,drug,Gemifloxacin,DrugBank,26201,1,436
15326,DB01165,drug,Ofloxacin,DrugBank,1041987,1,79
15333,DB01367,drug,Rasagiline,DrugBank,19159,1,471
15338,DB01609,drug,Deferasirox,DrugBank,2900,1,625
15349,DB05676,drug,Apremilast,DrugBank,21821,1,460
15354,DB06210,drug,Eltrombopag,DrugBank,2632,1,635
15364,DB06771,drug,Besifloxacin,DrugBank,112472,1,276
15367,DB08910,drug,Pomalidomide,DrugBank,3561,1,605
15416,DB00186,drug,Lorazepam,DrugBank,1854183,1,44
15417,DB00191,drug,Phentermine,DrugBank,54347,1,364
15418,DB00204,drug,Dofetilide,DrugBank,19577,1,470
15419,DB00207,drug,Azithromycin,DrugBank,3306936,1,19
15420,DB00213,drug,Pantoprazole,DrugBank,2576407,1,33
15421,DB00231,drug,Temazepam,DrugBank,524528,1,129
15422,DB00239,drug,Oxiconazole,DrugBank,67382,1,336
15424,DB00248,drug,Cabergoline,DrugBank,42640,1,388
15425,DB00254,drug,Doxycycline,DrugBank,4143182,1,10
15426,DB00270,drug,Isradipine,DrugBank,14261,1,493
15428,DB00307,drug,Bexarotene,DrugBank,900,1,703
15431,DB00320,drug,Dihydroergotamine,DrugBank,12782,1,504
15432,DB00337,drug,Pimecrolimus,DrugBank,232640,1,203
15433,DB00346,drug,Alfuzosin,DrugBank,118958,1,272
15436,DB00353,drug,Methylergometrine,DrugBank,31827,1,412
15438,DB00359,drug,Sulfadiazine,DrugBank,758,1,715
15440,DB00393,drug,Nimodipine,DrugBank,1421,1,671
15442,DB00485,drug,Dicloxacillin,DrugBank,183484,1,226
15444,DB00539,drug,Toremifene,DrugBank,943,1,701
15446,DB00559,drug,Bosentan,DrugBank,2897,1,626
15447,DB00580,drug,Valdecoxib,DrugBank,156341,1,242
15449,DB00593,drug,Ethosuximide,DrugBank,6812,1,553
15450,DB00602,drug,Ivermectin,DrugBank,107409,1,284
15451,DB00612,drug,Bisoprolol,DrugBank,79569,1,321
15452,DB00615,drug,Rifabutin,DrugBank,2274,1,647
15455,DB00673,drug,Aprepitant,DrugBank,16282,1,485
15456,DB00681,drug,Amphotericin B,DrugBank,1089,1,685
15457,DB00690,drug,Flurazepam,DrugBank,21370,1,461
15461,DB00724,drug,Imiquimod,DrugBank,417954,1,155
15462,DB00736,drug,Esomeprazole,DrugBank,1120854,1,72
15466,DB00819,drug,Acetazolamide,DrugBank,133532,1,262
15469,DB00826,drug,Natamycin,DrugBank,1431,1,670
15471,DB00889,drug,Granisetron,DrugBank,13441,1,499
15472,DB00906,drug,Tiagabine,DrugBank,13258,1,501
15473,DB00911,drug,Tinidazole,DrugBank,74282,1,327
15475,DB00949,drug,Felbamate,DrugBank,2025,1,652
15477,DB00973,drug,Ezetimibe,DrugBank,562190,1,122
15478,DB00976,drug,Telithromycin,DrugBank,139016,1,253
15479,DB01001,drug,Salbutamol,DrugBank,5882349,1,4
15480,DB01018,drug,Guanfacine,DrugBank,142499,1,250
15483,DB01085,drug,Pilocarpine,DrugBank,56305,1,359
15484,DB01105,drug,Sibutramine,DrugBank,3607,1,602
15485,DB01117,drug,Atovaquone,DrugBank,9725,1,527
15486,DB01130,drug,Prednicarbate,DrugBank,23500,1,452
15490,DB01186,drug,Pergolide,DrugBank,1193,1,681
15491,DB01194,drug,Brinzolamide,DrugBank,60845,1,348
15493,DB01200,drug,Bromocriptine,DrugBank,23464,1,453
15494,DB01201,drug,Rifapentine,DrugBank,883,1,705
15495,DB01215,drug,Estazolam,DrugBank,8537,1,539
15496,DB01220,drug,Rifaximin,DrugBank,99108,1,294
15499,DB01256,drug,Retapamulin,DrugBank,26709,1,433
15500,DB01260,drug,Desonide,DrugBank,482442,1,142
15501,DB01261,drug,Sitagliptin,DrugBank,395844,1,157
15502,DB01263,drug,Posaconazole,DrugBank,3442,1,608
15503,DB01319,drug,Fosamprenavir,DrugBank,1896,1,657
15518,DB01589,drug,Quazepam,DrugBank,564,1,740
15520,DB01656,drug,Roflumilast,DrugBank,18189,1,476
15536,DB04835,drug,Maraviroc,DrugBank,954,1,700
15542,DB04896,drug,Milnacipran,DrugBank,31773,1,413
15546,DB05039,drug,Indacaterol,DrugBank,660,1,729
15557,DB06207,drug,Silodosin,DrugBank,54520,1,363
15558,DB06212,drug,Tolvaptan,DrugBank,705,1,724
15559,DB06218,drug,Lacosamide,DrugBank,28277,1,425
15561,DB06237,drug,Avanafil,DrugBank,8416,1,540
15566,DB06414,drug,Etravirine,DrugBank,2196,1,649
15572,DB06616,drug,Bosutinib,DrugBank,509,1,744
15583,DB06786,drug,Halcinonide,DrugBank,13070,1,503
15584,DB06791,drug,Lanreotide,DrugBank,501,1,745
15590,DB08815,drug,Lurasidone,DrugBank,59452,1,351
15595,DB08874,drug,Fidaxomicin,DrugBank,6683,1,554
15596,DB08875,drug,Cabozantinib,DrugBank,1587,1,666
15597,DB08877,drug,Ruxolitinib,DrugBank,3350,1,615
15598,DB08882,drug,Linagliptin,DrugBank,135097,1,259
15599,DB08896,drug,Regorafenib,DrugBank,2351,1,645
15602,DB08911,drug,Trametinib,DrugBank,640,1,731
15603,DB08912,drug,Dabrafenib,DrugBank,524,1,743
15604,DB08933,drug,Luliconazole,DrugBank,2980,1,622
15609,DB09026,drug,Aliskiren,DrugBank,30760,1,419
15611,DB09034,drug,Suvorexant,DrugBank,54616,1,362
15615,DB09083,drug,Ivabradine,DrugBank,2723,1,633
15741,DB14575,drug,Eslicarbazepine,DrugBank,3002,1,621
15753,DB00491,drug,Miglitol,DrugBank,2691,1,634
15761,DB00198,drug,Oseltamivir,DrugBank,2340824,1,36
15762,DB00519,drug,Trandolapril,DrugBank,21027,1,463
15763,DB01086,drug,Benzocaine,DrugBank,198455,1,219
15767,DB11181,drug,Homatropine,DrugBank,8871,1,535
15769,DB00177,drug,Valsartan,DrugBank,756092,1,99
15770,DB00222,drug,Glimepiride,DrugBank,586949,1,118
15773,DB00374,drug,Treprostinil,DrugBank,1066,1,687
15774,DB00465,drug,Ketorolac,DrugBank,514862,1,136
15777,DB00621,drug,Oxandrolone,DrugBank,3941,1,598
15778,DB00839,drug,Tolazamide,DrugBank,740,1,719
15779,DB00869,drug,Dorzolamide,DrugBank,82335,1,311
15781,DB00945,drug,Acetylsalicylic acid,DrugBank,107563,1,283
15782,DB01080,drug,Vigabatrin,DrugBank,612,1,735
15797,DB09080,drug,Olodaterol,DrugBank,733,1,720
15808,DB00205,drug,Pyrimethamine,DrugBank,526,1,742
15809,DB00799,drug,Tazarotene,DrugBank,147520,1,247
15813,DB01046,drug,Lubiprostone,DrugBank,110729,1,278
15818,DB01043,drug,Memantine,DrugBank,306832,1,184
15820,DB00109,drug,Enfuvirtide,DrugBank,717,1,723
15826,DB06637,drug,Dalfampridine,DrugBank,8915,1,534
15832,DB00395,drug,Carisoprodol,DrugBank,439986,1,147
15836,DB00966,drug,Telmisartan,DrugBank,143632,1,249
15840,DB00390,drug,Digoxin,DrugBank,330050,1,176
15842,DB01024,drug,Mycophenolic acid,DrugBank,11708,1,511
15846,DB08930,drug,Dolutegravir,DrugBank,7474,1,547
15847,DB09038,drug,Empagliflozin,DrugBank,221331,1,204
15848,DB00426,drug,Famciclovir,DrugBank,177652,1,229
15849,DB00484,drug,Brimonidine,DrugBank,255872,1,197
15850,DB00513,drug,Aminocaproic acid,DrugBank,6172,1,558
15853,DB01048,drug,Abacavir,DrugBank,2955,1,623
15855,DB00350,drug,Minoxidil,DrugBank,30697,1,420
15856,DB00704,drug,Naltrexone,DrugBank,67388,1,335
15859,DB06817,drug,Raltegravir,DrugBank,8378,1,542
15867,DB00643,drug,Mebendazole,DrugBank,112248,1,277
15872,DB04930,drug,Permethrin,DrugBank,370896,1,166
15876,DB00244,drug,Mesalazine,DrugBank,238583,1,200
15877,DB00434,drug,Cyproheptadine,DrugBank,134091,1,261
15881,DB06401,drug,Bazedoxifene,DrugBank,6117,1,559
15914,DB01017,drug,Minocycline,DrugBank,900695,1,83
15982,DB00795,drug,Sulfasalazine,DrugBank,103356,1,289
15984,DB00991,drug,Oxaprozin,DrugBank,94327,1,302
15985,DB01014,drug,Balsalazide,DrugBank,27786,1,427
15986,DB01399,drug,Salsalate,DrugBank,22879,1,457
15999,DB06802,drug,Nepafenac,DrugBank,133258,1,263
16011,DB00408,drug,Loxapine,DrugBank,4482,1,583
16036,DB06151,drug,Acetylcysteine,DrugBank,35385,1,401
16054,DB00376,drug,Trihexyphenidyl,DrugBank,17565,1,480
16061,DB00572,drug,Atropine,DrugBank,438435,1,149
16063,DB00747,drug,Scopolamine,DrugBank,351694,1,171
16065,DB00809,drug,Tropicamide,DrugBank,2020,1,653
16067,DB00986,drug,Glycopyrronium,DrugBank,60870,1,347
16068,DB01019,drug,Bethanechol,DrugBank,33367,1,407
16193,DB00431,drug,Lindane,DrugBank,26683,1,434
16209,DB00275,drug,Olmesartan,DrugBank,428749,1,152
16210,DB00876,drug,Eprosartan,DrugBank,4074,1,592
16219,DB00770,drug,Alprostadil,DrugBank,17648,1,479
16221,DB00929,drug,Misoprostol,DrugBank,180127,1,228
16276,DB00210,drug,Adapalene,DrugBank,405731,1,156
16281,DB00151,drug,Cysteine,DrugBank,4699,1,579
16303,DB01162,drug,Terazosin,DrugBank,205281,1,216
16313,DB00782,drug,Propantheline,DrugBank,2326,1,646
16314,DB00804,drug,Dicyclomine,DrugBank,731205,1,101
16316,DB01148,drug,Flavoxate,DrugBank,10135,1,524
16322,DB00583,drug,Levocarnitine,DrugBank,8818,1,537
16323,DB00716,drug,Nedocromil,DrugBank,10715,1,517
16362,DB00756,drug,Hexachlorophene,DrugBank,10469,1,520
16419,DB01025,drug,Amlexanox,DrugBank,7217,1,549
16468,DB00014,drug,Goserelin,DrugBank,536,1,741
16471,DB00050,drug,Cetrorelix,DrugBank,4702,1,578
16478,DB01179,drug,Podofilox,DrugBank,52154,1,368
16545,DB00807,drug,Proparacaine,DrugBank,727,1,721
16550,DB00975,drug,Dipyridamole,DrugBank,12780,1,505
16572,DB00007,drug,Leuprolide,DrugBank,36198,1,397
16575,DB00666,drug,Nafarelin,DrugBank,815,1,709
16581,DB06825,drug,Triptorelin,DrugBank,1201,1,680
16588,DB00331,drug,Metformin,DrugBank,3481246,1,15
16635,DB00569,drug,Fondaparinux,DrugBank,16784,1,482
16672,DB00181,drug,Baclofen,DrugBank,520782,1,130
16687,DB00492,drug,Fosinopril,DrugBank,58016,1,352
16690,DB00722,drug,Lisinopril,DrugBank,4489250,1,8
16719,DB09401,drug,Isosorbide,DrugBank,394000,1,159
16753,DB00480,drug,Lenalidomide,DrugBank,20393,1,466
16788,DB00232,drug,Methyclothiazide,DrugBank,1004,1,695
16790,DB00423,drug,Methocarbamol,DrugBank,547168,1,126
16792,DB00703,drug,Methazolamide,DrugBank,10903,1,516
16842,DB00413,drug,Pramipexole,DrugBank,190647,1,224
16843,DB00449,drug,Dipivefrin,DrugBank,830,1,708
16845,DB00925,drug,Phenoxybenzamine,DrugBank,1213,1,678
16847,DB00964,drug,Apraclonidine,DrugBank,4870,1,575
16852,DB06711,drug,Naphazoline,DrugBank,4168,1,591
16855,DB00422,drug,Methylphenidate,DrugBank,855853,1,87
16867,DB00618,drug,Demeclocycline,DrugBank,4259,1,589
16991,DB00798,drug,Gentamicin,DrugBank,633700,1,113
17064,DB00371,drug,Meprobamate,DrugBank,4407,1,585
17128,DB06243,drug,Eflornithine,DrugBank,1788,1,659
17148,DB00524,drug,Metolazone,DrugBank,155087,1,243
17149,DB00611,drug,Butorphanol,DrugBank,14103,1,494
17170,DB00545,drug,Pyridostigmine,DrugBank,25891,1,438
17174,DB00989,drug,Rivastigmine,DrugBank,78556,1,322
17229,DB00341,drug,Cetirizine,DrugBank,1178132,1,68
17233,DB00748,drug,Carbinoxamine,DrugBank,37052,1,394
17236,DB00920,drug,Ketotifen,DrugBank,23605,1,451
17237,DB00967,drug,Desloratadine,DrugBank,215905,1,208
17240,DB01106,drug,Levocabastine,DrugBank,1789,1,658
17247,DB04890,drug,Bepotastine,DrugBank,23977,1,449
17251,DB06766,drug,Alcaftadine,DrugBank,42517,1,389
17305,DB00344,drug,Protriptyline,DrugBank,5399,1,567
17307,DB00937,drug,Diethylpropion,DrugBank,2755,1,630
17309,DB01579,drug,Phendimetrazine,DrugBank,3030,1,620
17319,DB01113,drug,Papaverine,DrugBank,2730,1,632
17341,DB06764,drug,Tetryzoline,DrugBank,1281,1,675
17347,DB00994,drug,Neomycin,DrugBank,21161,1,462
17356,DB08916,drug,Afatinib,DrugBank,964,1,699
17374,DB00040,drug,Glucagon,DrugBank,114706,1,275
17407,DB00175,drug,Pravastatin,DrugBank,1408517,1,56
17411,DB00735,drug,Naftifine,DrugBank,94422,1,300
17412,DB01091,drug,Butenafine,DrugBank,24562,1,447
17434,DB00287,drug,Travoprost,DrugBank,203679,1,217
17435,DB00654,drug,Latanoprost,DrugBank,633807,1,112
17494,DB08869,drug,Tesamorelin,DrugBank,612,1,735
17508,DB06800,drug,Methylnaltrexone,DrugBank,4715,1,577
17558,DB00230,drug,Pregabalin,DrugBank,636995,1,111
17560,DB00816,drug,Orciprenaline,DrugBank,4605,1,581
17628,DB01188,drug,Ciclopirox,DrugBank,536851,1,128
17652,DB09085,drug,Tetracaine,DrugBank,1021,1,691
17728,DB00399,drug,Zoledronic acid,DrugBank,6528,1,555
17730,DB00710,drug,Ibandronate,DrugBank,205596,1,215
17775,DB00223,drug,Diflorasone,DrugBank,51030,1,372
17776,DB00547,drug,Desoximetasone,DrugBank,257745,1,195
17777,DB00838,drug,Clocortolone,DrugBank,33714,1,406
17832,DB00284,drug,Acarbose,DrugBank,25246,1,440
17889,DB01273,drug,Varenicline,DrugBank,100684,1,292
18157,DB01250,drug,Olsalazine,DrugBank,1746,1,660
18230,DB05679,drug,Ustekinumab,DrugBank,23219,1,456
18277,DB01202,drug,Levetiracetam,DrugBank,312934,1,180
18313,DB00713,drug,Oxacillin,DrugBank,672,1,726
18574,DB00535,drug,Cefdinir,DrugBank,3101011,1,22
18756,DB00659,drug,Acamprosate,DrugBank,26847,1,431
19207,DB00190,drug,Carbidopa,DrugBank,208577,1,214
19245,DB04854,drug,Febuxostat,DrugBank,56826,1,356
19324,DB05259,drug,Glatiramer,DrugBank,32036,1,411
19447,DB00558,drug,Zanamivir,DrugBank,18279,1,475
19650,DB08890,drug,Linaclotide,DrugBank,172604,1,231
19663,DB06285,drug,Teriparatide,DrugBank,32811,1,408
19720,DB06795,drug,Mafenide,DrugBank,672,1,726
20129,DB00475,drug,Chlordiazepoxide,DrugBank,144741,1,248
20157,DB00874,drug,Guaifenesin,DrugBank,497583,1,137
20203,DB00438,drug,Ceftazidime,DrugBank,3429,1,609
20204,DB00671,drug,Cefixime,DrugBank,138495,1,254
20207,DB01140,drug,Cefadroxil,DrugBank,347449,1,172
20208,DB01413,drug,Cefepime,DrugBank,11939,1,510
20212,DB01042,drug,Melphalan,DrugBank,1608,1,664
20215,DB01610,drug,Valganciclovir,DrugBank,13466,1,498
20238,DB00646,drug,Nystatin,DrugBank,1686000,1,48
20239,DB00859,drug,Penicillamine,DrugBank,968,1,697
20249,DB01112,drug,Cefuroxime,DrugBank,1168366,1,70
20262,DB00319,drug,Piperacillin,DrugBank,10994,1,515
20263,DB01004,drug,Ganciclovir,DrugBank,17131,1,481
20273,DB00781,drug,Polymyxin B,DrugBank,56724,1,357
20274,DB00650,drug,Leucovorin,DrugBank,18803,1,473
20318,DB00634,drug,Sulfacetamide,DrugBank,575504,1,119
20321,DB11315,drug,Methscopolamine,DrugBank,27808,1,426
20328,DB06799,drug,Methenamine,DrugBank,89162,1,309
20336,DB00853,drug,Temozolomide,DrugBank,13874,1,495
20344,DB00560,drug,Tigecycline,DrugBank,1017,1,693
20345,DB00660,drug,Metaxalone,DrugBank,376197,1,163
20351,DB00760,drug,Meropenem,DrugBank,8297,1,544
20357,DB09020,drug,Bisacodyl,DrugBank,31360,1,417
20360,DB00303,drug,Ertapenem,DrugBank,18098,1,477
20361,DB00478,drug,Rimantadine,DrugBank,20583,1,465
20365,DB01153,drug,Sertaconazole,DrugBank,20220,1,467
20398,DB00355,drug,Aztreonam,DrugBank,2558,1,638
20401,DB01421,drug,Paromomycin,DrugBank,1921,1,655
20402,DB00330,drug,Ethambutol,DrugBank,6990,1,552
20412,DB00479,drug,Amikacin,DrugBank,2738,1,631
20418,DB00684,drug,Tobramycin,DrugBank,878486,1,86
20421,DB00828,drug,Fosfomycin,DrugBank,19008,1,472
20426,DB00662,drug,Trimethobenzamide,DrugBank,35027,1,402
20427,DB01432,drug,Cholestyramine,DrugBank,200595,1,218
20447,DB11089,drug,Docusate,DrugBank,2884,1,627
20454,DB00410,drug,Mupirocin,DrugBank,2058734,1,42
20458,DB00885,drug,Pemirolast,DrugBank,4394,1,586
20472,DB00581,drug,Lactulose,DrugBank,359011,1,169
20478,DB00442,drug,Entecavir,DrugBank,8844,1,536
20485,DB01150,drug,Cefprozil,DrugBank,556872,1,124
20502,DB00930,drug,Colesevelam,DrugBank,136387,1,256
20528,DB00265,drug,Crotamiton,DrugBank,8333,1,543
20555,DB06794,drug,Lodoxamide,DrugBank,3324,1,616
20563,DB09040,drug,Efinaconazole,DrugBank,25123,1,442
20570,DB00658,drug,Sevelamer,DrugBank,56572,1,358
20588,DB00251,drug,Terconazole,DrugBank,451936,1,145
20592,DB06760,drug,Sacrosidase,DrugBank,773,1,712
20611,DB08823,drug,Spinosad,DrugBank,10196,1,523
20621,DB00299,drug,Penciclovir,DrugBank,82498,1,310
20632,DB03843,drug,Formaldehyde,DrugBank,15057,1,489
20656,DB01066,drug,Cefditoren,DrugBank,20169,1,468
20657,DB01416,drug,Cefpodoxime,DrugBank,90864,1,308
20670,DB06590,drug,Ceftaroline fosamil,DrugBank,872,1,707
20851,DB13868,drug,Adefovir,DrugBank,3409,1,611
20962,DB00375,drug,Colestipol,DrugBank,62174,1,344
39895,DB00639,drug,Butoconazole,DrugBank,92261,1,306
